,year,month,state,data_status,residential_revenue_thousand_dollars,residential_sales_megawatthours,residential_customers_count,residential_price_cents_kwh,commercial_revenue_thousand_dollars,commercial_sales_megawatthours,commercial_customers_count,commercial_price_cents_kwh,industrial_revenue_thousand_dollars,industrial_sales_megawatthours,industrial_customers_count,industrial_price_cents_kwh,transportation_revenue_thousand_dollars,transportation_sales_megawatthours,transportation_customers_count,transportation_price_cents_kwh,total_revenue_thousand_dollars,total_sales_megawatthours,total_customers_count,total_price_cents_kwh
43,2025,9.0,TX,Preliminary,2629847.9,16606481.0,12700866.0,15.84,1368080.5,15030561.0,1555839.0,9.1,1017272.1,15086877.0,405249.0,6.74,44.79,1193.75,3.0,3.75,5015245.2,46725113.0,14661957.0,10.73
94,2025,8.0,TX,Preliminary,3053103.5,19766971.0,12861831.0,15.45,1494938.3,16468435.0,1586883.0,9.08,1034721.9,15746397.0,407382.0,6.57,40.42,1074.91,3.0,3.76,5582804.1,51982879.0,14856099.0,10.74
145,2025,7.0,TX,Preliminary,2938121.0,19128723.0,12745852.0,15.36,1462019.2,16195652.0,1526780.0,9.03,1035976.4,15696541.0,410176.0,6.6,38.97,1032.58,3.0,3.77,5436155.5,51021948.0,14682811.0,10.65
196,2025,6.0,TX,Preliminary,2505083.5,16448338.0,12731147.0,15.23,1281589.9,14901388.0,1525386.0,8.6,938554.98,14801057.0,406727.0,6.34,36.05,936.69,3.0,3.85,4725264.4,46151720.0,14663263.0,10.24
247,2025,5.0,TX,Preliminary,2009551.6,12975735.0,12680933.0,15.49,1203890.6,13523634.0,1527465.0,8.9,933294.74,14068665.0,395651.0,6.63,33.73,869.51,3.0,3.88,4146770.7,40568903.0,14604052.0,10.22
298,2025,4.0,TX,Preliminary,1648740.9,10600328.0,12679752.0,15.55,1131039.9,12562928.0,1562837.0,9.0,897509.34,13795995.0,395357.0,6.51,30.64,787.94,3.0,3.89,3677320.7,36960040.0,14637949.0,9.95
349,2025,3.0,TX,Preliminary,1680884.7,10984884.0,12731770.0,15.3,1126400.0,12519582.0,1562841.0,9.0,880024.63,13504970.0,392078.0,6.52,26.27,669.77,3.0,3.92,3687335.6,37010105.0,14686692.0,9.96
400,2025,2.0,TX,Preliminary,1979858.7,13293125.0,12580969.0,14.89,1106918.5,12808917.0,1557403.0,8.64,782692.92,12977387.0,388060.0,6.03,30.44,780.94,3.0,3.9,3869500.6,39080210.0,14526435.0,9.9
451,2025,1.0,TX,Preliminary,2226219.3,15169810.0,12617430.0,14.68,1129785.5,13139325.0,1564153.0,8.6,888234.46,13487493.0,388176.0,6.59,30.3,776.69,3.0,3.9,4244269.5,41797405.0,14569762.0,10.15
502,2024,12.0,TX,Final,1699500.3,11067517.0,12658594.0,15.36,1052832.7,12360323.0,1547661.0,8.52,914869.38,14694204.0,391191.0,6.23,35.37,906.58,3.0,3.9,3667237.7,38122951.0,14597449.0,9.62
553,2024,11.0,TX,Final,1634977.8,10425468.0,12586383.0,15.68,1107359.3,13179359.0,1548098.0,8.4,888437.94,14620683.0,389415.0,6.08,42.58,1104.17,3.0,3.86,3630817.6,38226614.0,14523899.0,9.5
604,2024,10.0,TX,Final,2122767.5,13543100.0,12649326.0,15.67,1236218.6,14580688.0,1560092.0,8.48,949951.75,16207443.0,389450.0,5.86,56.62,1478.24,3.0,3.83,4308994.4,44332709.0,14598871.0,9.72
655,2024,9.0,TX,Final,2460528.9,16336670.0,12637695.0,15.06,1300438.5,15037476.0,1555983.0,8.65,908001.43,14875760.0,386324.0,6.1,39.95,1030.08,3.0,3.88,4669008.8,46250935.0,14580005.0,10.1
706,2024,8.0,TX,Final,2958622.8,19878284.0,12658469.0,14.88,1408152.4,15880238.0,1564540.0,8.87,1038019.2,16136378.0,384294.0,6.43,16.62,382.53,3.0,4.35,5404811.0,51895282.0,14607306.0,10.41
757,2024,7.0,TX,Final,2773634.5,18865604.0,12636608.0,14.7,1360511.9,15344113.0,1560793.0,8.87,1000663.0,15956803.0,384811.0,6.27,59.64,1569.17,3.0,3.8,5134869.0,50168089.0,14582215.0,10.24
808,2024,6.0,TX,Final,2490446.2,17114451.0,12574017.0,14.55,1255212.3,14278922.0,1551549.0,8.79,964576.1,15220997.0,377429.0,6.34,36.49,912.13,3.0,4.0,4710271.1,46615282.0,14502998.0,10.1
859,2024,5.0,TX,Final,1895601.5,12784104.0,12534929.0,14.83,1155559.6,13744044.0,1555757.0,8.41,929850.65,14792489.0,371996.0,6.29,34.62,820.77,3.0,4.22,3981046.4,41321458.0,14462685.0,9.63
910,2024,4.0,TX,Final,1476232.8,9754682.9,12485426.0,15.13,1011870.6,12161093.0,1555010.0,8.32,822820.01,13753118.0,367126.0,5.98,29.6,692.96,3.0,4.27,3310953.0,35669587.0,14407565.0,9.28
961,2024,3.0,TX,Final,1419206.8,9450324.0,12407521.0,15.02,1033330.8,12414299.0,1548363.0,8.32,759834.87,13335952.0,361175.0,5.7,32.28,771.54,3.0,4.18,3212404.7,35201347.0,14317062.0,9.13
1012,2024,2.0,TX,Final,1650945.9,11404460.0,12369297.0,14.48,1010093.2,12252925.0,1541337.0,8.24,765153.68,13063658.0,354262.0,5.86,22.4,490.63,3.0,4.57,3426215.2,36721534.0,14264899.0,9.33
1063,2024,1.0,TX,Final,2069957.0,14427079.0,12376052.0,14.35,1114485.7,12999508.0,1595764.0,8.57,839929.57,13477570.0,355765.0,6.23,95.53,1372.21,3.0,6.96,4024467.8,40905529.0,14327584.0,9.84
1114,2023,12.0,TX,Final,1621098.0,11071623.0,12246929.0,14.64,1039031.6,12204795.0,1583890.0,8.51,751476.4,13128094.0,349570.0,5.72,1182.78,13186.25,3.0,8.97,3412788.8,36417699.0,14180392.0,9.37
1165,2023,11.0,TX,Final,1500529.6,10148357.0,12257011.0,14.79,1085547.6,12781964.0,1600469.0,8.49,800275.07,13177791.0,350387.0,6.07,1394.88,18357.09,3.0,7.6,3387747.1,36126469.0,14207870.0,9.38
1216,2023,10.0,TX,Final,1950109.8,13099635.0,12347746.0,14.89,1293988.0,14664084.0,1605661.0,8.82,921811.88,14172486.0,350902.0,6.5,1287.76,17971.83,3.0,7.17,4167197.5,41954177.0,14304312.0,9.93
1267,2023,9.0,TX,Final,2787913.2,18996593.0,12291779.0,14.68,1458189.2,15799913.0,1594803.0,9.23,1074497.4,13966797.0,349322.0,7.69,1141.11,15230.22,3.0,7.49,5321740.9,48778532.0,14235907.0,10.91
1318,2023,8.0,TX,Final,3185732.1,22481421.0,12337105.0,14.17,1652238.8,16965023.0,1603837.0,9.74,1372196.4,14935097.0,348715.0,9.19,1011.29,14982.96,3.0,6.75,6211178.6,54396525.0,14289660.0,11.42
1369,2023,7.0,TX,Final,2867291.5,20557605.0,12290446.0,13.95,1438602.9,16253171.0,1596406.0,8.85,933232.15,14293421.0,345408.0,6.53,978.52,13551.63,3.0,7.22,5240105.1,51117748.0,14232263.0,10.25
1420,2023,6.0,TX,Final,2293762.7,15989221.0,12278460.0,14.35,1272353.3,14665520.0,1595769.0,8.68,871962.27,13325135.0,345714.0,6.54,899.08,12862.35,3.0,6.99,4438977.3,43992738.0,14219946.0,10.09
1471,2023,5.0,TX,Final,1683541.4,11490172.0,12238206.0,14.65,1123249.5,13289189.0,1594101.0,8.45,757126.63,13020690.0,345706.0,5.81,916.26,13404.06,3.0,6.84,3564833.9,37813454.0,14178016.0,9.43
1522,2023,4.0,TX,Final,1375958.6,9579895.6,12178259.0,14.36,981823.55,12138226.0,1580497.0,8.09,694981.13,12419101.0,338062.0,5.6,868.01,12158.82,3.0,7.14,3053631.3,34149382.0,14096821.0,8.94
1573,2023,3.0,TX,Final,1536216.7,10512638.0,12233524.0,14.61,1095939.7,12578179.0,1576509.0,8.71,784532.46,12690802.0,338451.0,6.18,865.93,11895.58,3.0,7.28,3417554.8,35793514.0,14148487.0,9.55
1624,2023,2.0,TX,Final,1720874.1,11690349.0,12207679.0,14.72,1048456.0,11589118.0,1567269.0,9.05,725942.35,11495592.0,336462.0,6.32,877.7,12561.68,3.0,6.99,3496150.1,34787621.0,14111413.0,10.05
1675,2023,1.0,TX,Final,1865810.5,12993366.0,12176944.0,14.36,1139611.5,12862651.0,1575462.0,8.86,752883.58,11623973.0,335684.0,6.48,888.98,12535.54,3.0,7.09,3759194.6,37492526.0,14088093.0,10.03
1726,2022,12.0,TX,Final,1830076.9,12631773.0,12107704.0,14.49,1201404.3,13566949.0,1577813.0,8.86,865277.88,12005670.0,330607.0,7.21,1002.49,14101.95,3.0,7.11,3897761.6,38218493.0,14016127.0,10.2
1777,2022,11.0,TX,Final,1538433.0,10252125.0,12138603.0,15.01,1098998.1,12419969.0,1580417.0,8.85,798962.72,11747207.0,330519.0,6.8,1103.72,15817.84,3.0,6.98,3437497.6,34435118.0,14049542.0,9.98
1828,2022,10.0,TX,Final,1798195.7,12038373.0,12116332.0,14.94,1215520.0,13024345.0,1577192.0,9.33,856076.3,12136996.0,331760.0,7.05,1061.68,15794.64,3.0,6.72,3870853.6,37215509.0,14025287.0,10.4
1879,2022,9.0,TX,Final,2359242.5,15999692.0,12098477.0,14.75,1463901.6,15228330.0,1575823.0,9.61,949323.13,12503634.0,331100.0,7.59,1121.09,17003.31,3.0,6.59,4773588.3,43748660.0,14005403.0,10.91
1930,2022,8.0,TX,Final,2795017.6,19798831.0,12111359.0,14.12,1575055.5,15847251.0,1578427.0,9.94,1043340.5,13531055.0,331598.0,7.71,1159.84,17730.96,3.0,6.54,5414573.4,49194868.0,14021387.0,11.01
1981,2022,7.0,TX,Final,2844553.2,20742408.0,12052926.0,13.71,1502648.8,15374329.0,1572376.0,9.77,1035726.8,11992237.0,324508.0,8.64,1064.13,16120.09,3.0,6.6,5383993.0,48125094.0,13949813.0,11.19
2032,2022,6.0,TX,Final,2381731.5,17653237.0,12025116.0,13.49,1378441.5,14382432.0,1583318.0,9.58,920240.53,12404367.0,324865.0,7.42,1036.91,14969.02,3.0,6.93,4681450.5,44455005.0,13933302.0,10.53
2083,2022,5.0,TX,Final,1792565.7,13439906.0,12030297.0,13.34,1227184.6,13363837.0,1565351.0,9.18,978260.33,12302450.0,318297.0,7.95,977.69,14433.8,3.0,6.77,3998988.3,39120627.0,13913948.0,10.22
2134,2022,4.0,TX,Final,1346425.6,10133091.0,11996708.0,13.29,1002933.6,12070698.0,1571451.0,8.31,796414.96,11805640.0,315068.0,6.75,972.0,14186.96,3.0,6.85,3146746.1,34023616.0,13883230.0,9.25
2185,2022,3.0,TX,Final,1498724.0,11516688.0,12010521.0,13.01,999370.2,12053228.0,1583728.0,8.29,751537.51,11831468.0,311774.0,6.35,908.5,12504.97,3.0,7.27,3250540.2,35413889.0,13906026.0,9.18
2236,2022,2.0,TX,Final,1642557.9,13162486.0,12145008.0,12.48,936893.2,11330766.0,1558106.0,8.27,615897.46,10212603.0,307557.0,6.03,942.57,13674.45,3.0,6.89,3196291.1,34719529.0,14010674.0,9.21
2287,2022,1.0,TX,Final,1647157.3,13227850.0,11924599.0,12.45,936284.96,12057064.0,1575653.0,7.77,648408.03,11432556.0,307746.0,5.67,907.98,13314.01,3.0,6.82,3232758.3,36730783.0,13808001.0,8.8
2338,2021,12.0,TX,Final,1285116.9,10235028.0,11769117.0,12.56,933268.21,11699208.0,1580234.0,7.98,631596.54,11533424.0,302732.0,5.48,992.23,14407.49,3.0,6.89,2850973.9,33482067.0,13652086.0,8.51
2389,2021,11.0,TX,Final,1200563.5,9391569.7,11589461.0,12.78,970208.31,11593623.0,1563815.0,8.37,674646.39,11130239.0,300246.0,6.06,1119.34,16575.0,3.0,6.75,2846537.5,32132007.0,13453525.0,8.86
2440,2021,10.0,TX,Final,1533978.2,12235322.0,11713063.0,12.54,1072148.3,13272873.0,1568843.0,8.08,732181.03,12011862.0,296104.0,6.1,1080.03,16755.26,3.0,6.45,3339387.5,37536813.0,13578013.0,8.9
2491,2021,9.0,TX,Final,2032944.4,16581737.0,12075096.0,12.26,1146540.2,14163871.0,1570083.0,8.09,723382.12,12107851.0,300361.0,5.97,1044.4,16449.75,3.0,6.35,3903911.1,42869909.0,13945543.0,9.11
2542,2021,8.0,TX,Final,2159029.4,18079317.0,12096865.0,11.94,1153550.1,14450626.0,1570589.0,7.98,703946.85,12121418.0,298992.0,5.81,1053.92,16544.98,3.0,6.37,4017580.3,44667906.0,13966449.0,8.99
2593,2021,7.0,TX,Final,2021777.1,17237468.0,12021319.0,11.73,1140956.7,14321931.0,1572864.0,7.97,654420.75,12744768.0,296353.0,5.13,1013.05,15917.56,3.0,6.36,3818167.6,44320085.0,13890539.0,8.62
2644,2021,6.0,TX,Final,1730998.9,14379217.0,11997731.0,12.04,1019732.8,13560302.0,1573767.0,7.52,583430.56,11152344.0,294960.0,5.23,926.1,14217.73,3.0,6.51,3335088.4,39106081.0,13866461.0,8.53
2695,2021,5.0,TX,Final,1267965.5,10486281.0,11857169.0,12.09,1030495.6,12183528.0,1563780.0,8.46,480910.69,10604143.0,288995.0,4.54,922.75,13989.99,3.0,6.6,2780294.6,33287942.0,13709947.0,8.35
2746,2021,4.0,TX,Final,1114713.5,9225574.7,11822660.0,12.08,1239367.1,11912117.0,1551266.0,10.4,661557.27,10662198.0,289624.0,6.2,961.33,13483.68,3.0,7.13,3016599.3,31813373.0,13663553.0,9.48
2797,2021,3.0,TX,Final,1416162.4,12105313.0,11814241.0,11.7,1087160.5,10272997.0,1519788.0,10.58,739329.36,8681343.6,286155.0,8.52,967.4,14441.36,3.0,6.7,3243619.6,31074095.0,13620187.0,10.44
2848,2021,2.0,TX,Final,1488108.8,11722645.0,11336403.0,12.69,1276140.1,9330112.4,1463021.0,13.68,984988.73,8753712.6,279328.0,11.25,838.91,12849.0,3.0,6.53,3750076.6,29819319.0,13078755.0,12.58
2899,2021,1.0,TX,Final,1520941.0,13395663.0,11689816.0,11.35,828348.64,11082041.0,1533628.0,7.47,544860.93,11026258.0,282534.0,4.94,945.76,14318.21,3.0,6.61,2895096.3,35518281.0,13505981.0,8.15
2950,2020,12.0,TX,Final,1366289.7,11785893.0,11633892.0,11.59,866835.67,11510072.0,1539659.0,7.53,535554.1,11176368.0,277799.0,4.79,880.97,12942.72,3.0,6.81,2769560.4,34485276.0,13451353.0,8.03
3001,2020,11.0,TX,Final,1149564.3,9631918.2,11551190.0,11.93,827042.59,10608963.0,1529338.0,7.8,520405.39,10716460.0,271268.0,4.86,916.7,14142.37,3.0,6.48,2497929.0,30971483.0,13351799.0,8.07
3052,2020,10.0,TX,Final,1403850.1,11842657.0,11610335.0,11.85,971984.63,13009364.0,1539395.0,7.47,570568.71,11226952.0,269461.0,5.08,955.63,14979.81,3.0,6.38,2947359.1,36093953.0,13419194.0,8.17
3103,2020,9.0,TX,Final,1876745.4,15945939.0,11583459.0,11.77,1037068.7,13291360.0,1533687.0,7.8,536556.08,10529637.0,270411.0,5.1,1001.65,15843.01,3.0,6.32,3451371.9,39782779.0,13387560.0,8.68
3154,2020,8.0,TX,Final,2167338.3,18839830.0,11592571.0,11.5,1075607.6,14074054.0,1533735.0,7.64,583142.94,10788277.0,269625.0,5.41,1010.87,16580.84,3.0,6.1,3827099.7,43718742.0,13395934.0,8.75
3205,2020,7.0,TX,Final,2186618.4,18866998.0,11593135.0,11.59,1064026.1,14474282.0,1542110.0,7.35,543297.24,10649493.0,268224.0,5.1,970.87,15015.84,3.0,6.47,3794912.6,44005789.0,13403472.0,8.62
3256,2020,6.0,TX,Final,1800982.8,15309392.0,11565409.0,11.76,965461.53,12768273.0,1543120.0,7.56,505869.17,10067622.0,265371.0,5.02,919.37,13995.02,3.0,6.57,3273232.9,38159282.0,13373903.0,8.58
3307,2020,5.0,TX,Final,1384190.8,11739799.0,11464324.0,11.79,807054.68,10664766.0,1532218.0,7.57,475793.65,9625785.5,259842.0,4.94,886.05,13084.53,3.0,6.77,2667925.1,32043435.0,13256387.0,8.33
3358,2020,4.0,TX,Final,1185211.6,9844398.4,11474456.0,12.04,812456.82,10597329.0,1543716.0,7.67,490890.69,9781194.0,258229.0,5.02,930.8,14108.84,3.0,6.6,2489489.9,30237030.0,13276404.0,8.23
3409,2020,3.0,TX,Final,1195763.2,10123267.0,11480995.0,11.81,895278.97,11613820.0,1558696.0,7.71,552320.85,10620017.0,255579.0,5.2,917.6,13727.6,3.0,6.68,2644280.6,32370831.0,13295273.0,8.17
3460,2020,2.0,TX,Final,1291754.1,11022836.0,11380770.0,11.72,832888.21,10779724.0,1535826.0,7.73,526905.29,10016711.0,251749.0,5.26,951.95,14413.9,3.0,6.6,2652499.6,31833686.0,13168348.0,8.33
3511,2020,1.0,TX,Final,1313702.5,11461891.0,11253310.0,11.46,875220.24,11775570.0,1543129.0,7.43,500201.4,9908692.1,251950.0,5.05,971.93,14827.53,3.0,6.55,2690096.1,33160980.0,13048392.0,8.11
3562,2019,12.0,TX,Final,1285240.0,10976835.0,11406049.0,11.71,846210.56,10605614.0,1543264.0,7.98,529792.01,10551695.0,241737.0,5.02,933.26,13793.62,3.0,6.77,2662175.8,32147938.0,13191053.0,8.28
3613,2019,11.0,TX,Final,1174151.3,9793116.5,11331758.0,11.99,838523.1,10296984.0,1525710.0,8.14,569679.92,10201672.0,236816.0,5.58,1072.98,16805.06,3.0,6.38,2583427.3,30308577.0,13094287.0,8.52
3664,2019,10.0,TX,Final,1630040.7,13807144.0,11461778.0,11.81,1082593.2,13424501.0,1544429.0,8.06,633435.87,11406444.0,239182.0,5.55,1076.71,17087.82,3.0,6.3,3347146.5,38655177.0,13245392.0,8.66
3715,2019,9.0,TX,Final,2022256.1,17124247.0,11399076.0,11.81,1164982.4,13842172.0,1535519.0,8.42,655502.19,11299064.0,239563.0,5.8,1087.45,17514.0,3.0,6.21,3843828.1,42282997.0,13174161.0,9.09
3766,2019,8.0,TX,Final,2172331.2,18477631.0,11415487.0,11.76,1199805.1,14404224.0,1536841.0,8.33,872750.27,12015973.0,238696.0,7.26,1071.65,16945.24,3.0,6.32,4245958.2,44914773.0,13191027.0,9.45
3817,2019,7.0,TX,Final,2001772.2,17095742.0,11364111.0,11.71,1087734.6,13917909.0,1535730.0,7.82,633633.92,12045650.0,240887.0,5.26,1044.0,16146.0,3.0,6.47,3724184.7,43075447.0,13140731.0,8.65
3868,2019,6.0,TX,Final,1683257.1,14262684.0,11327570.0,11.8,980687.64,12449886.0,1527893.0,7.88,581921.32,11619341.0,235765.0,5.01,970.77,15218.59,3.0,6.38,3246836.9,38347130.0,13091231.0,8.47
3919,2019,5.0,TX,Final,1308779.7,10893882.0,11330227.0,12.01,909418.18,11582914.0,1538270.0,7.85,575922.71,11206196.0,228264.0,5.14,956.34,14800.7,3.0,6.46,2795077.0,33697793.0,13096764.0,8.29
3970,2019,4.0,TX,Final,1050381.7,8754025.8,11352760.0,12.0,820871.17,10144255.0,1534066.0,8.09,526286.79,10470264.0,224572.0,5.03,955.33,14579.0,3.0,6.55,2398495.0,29383124.0,13111401.0,8.16
4021,2019,3.0,TX,Final,1230547.1,10607233.0,11364383.0,11.6,837005.53,10368028.0,1545625.0,8.07,547208.31,10378628.0,220459.0,5.27,949.3,14445.0,3.0,6.57,2615710.2,31368333.0,13130470.0,8.34
4072,2019,2.0,TX,Final,1273962.2,10978517.0,11310225.0,11.6,807227.65,10057661.0,1528933.0,8.03,504356.32,9946589.5,221182.0,5.07,945.5,14328.0,3.0,6.6,2586491.6,30997096.0,13060343.0,8.34
4123,2019,1.0,TX,Final,1454271.4,12710284.0,11336197.0,11.44,864989.37,10907376.0,1549007.0,7.93,540870.9,10532406.0,221977.0,5.14,959.0,14953.0,3.0,6.41,2861090.7,34165018.0,13107184.0,8.37
4174,2018,12.0,TX,Final,1238949.4,11268228.0,11170064.0,11.0,828951.73,10706301.0,1602660.0,7.74,495320.33,9962614.6,126423.0,4.97,900.06,14406.0,3.0,6.25,2564121.5,31951550.0,12899150.0,8.03
4225,2018,11.0,TX,Final,1122624.3,9676256.2,11137493.0,11.6,857391.19,10361734.0,1604354.0,8.27,536052.52,10104990.0,123424.0,5.3,1311.57,16475.0,3.0,7.96,2517379.6,30159454.0,12865274.0,8.35
4276,2018,10.0,TX,Final,1389981.7,12088302.0,11247799.0,11.5,1018004.6,12727788.0,1617357.0,8.0,569164.05,10811331.0,125905.0,5.26,1351.84,16468.0,3.0,8.21,2978502.1,35643888.0,12991064.0,8.36
4327,2018,9.0,TX,Final,1747954.8,15340244.0,11143744.0,11.39,1057878.9,13169674.0,1588739.0,8.03,551994.95,10627382.0,127484.0,5.19,1360.04,16955.0,3.0,8.02,3359188.6,39154255.0,12859970.0,8.58
4378,2018,8.0,TX,Final,2038686.5,18089039.0,11227623.0,11.27,1194419.0,14497015.0,1604306.0,8.24,633848.69,11272432.0,130070.0,5.62,1412.8,17644.0,3.0,8.01,3868367.0,43876130.0,12962002.0,8.82
4429,2018,7.0,TX,Final,1975186.3,17815670.0,11159849.0,11.09,1142453.4,14138079.0,1594327.0,8.08,658574.77,10879005.0,129556.0,6.05,1394.04,17433.0,3.0,8.0,3777608.5,42850187.0,12883735.0,8.82
4480,2018,6.0,TX,Final,1828094.0,16326572.0,11172393.0,11.2,1106953.0,13489632.0,1588333.0,8.21,611068.83,10631448.0,130083.0,5.75,1295.29,15675.0,3.0,8.26,3547411.1,40463327.0,12890812.0,8.77
4531,2018,5.0,TX,Final,1288211.0,11342962.0,11146949.0,11.36,955979.17,11662681.0,1572421.0,8.2,585063.88,10768959.0,128547.0,5.43,1172.59,13859.0,3.0,8.46,2830426.6,33788461.0,12847920.0,8.38
4582,2018,4.0,TX,Final,1012371.1,8892011.5,11122835.0,11.39,850360.72,10373914.0,1575619.0,8.2,494674.47,9747034.1,121505.0,5.08,1263.77,14725.0,3.0,8.58,2358670.0,29027685.0,12819962.0,8.13
4633,2018,3.0,TX,Final,1064838.2,9378998.9,11139488.0,11.35,871059.1,10421212.0,1584756.0,8.36,504750.7,9869625.8,121447.0,5.11,1210.02,14109.0,3.0,8.58,2441858.1,29683946.0,12845694.0,8.23
4684,2018,2.0,TX,Final,1264726.8,11633360.0,11071113.0,10.87,849397.05,9931431.1,1567782.0,8.55,487846.11,9190763.2,121488.0,5.31,1223.62,14675.0,3.0,8.34,2603193.6,30770230.0,12760386.0,8.46
4735,2018,1.0,TX,Final,1638007.6,15416270.0,11046027.0,10.63,981803.17,12045170.0,1593093.0,8.15,532540.99,9683036.2,122678.0,5.5,1227.36,14831.0,3.0,8.28,3153579.1,37159308.0,12761801.0,8.49
4786,2017,12.0,TX,Final,1156476.6,10619140.0,10832439.0,10.89,845487.34,10465944.0,1507041.0,8.08,519314.78,10149483.0,113778.0,5.12,1214.52,14641.07,3.0,8.3,2522493.2,31249208.0,12453261.0,8.07
4837,2017,11.0,TX,Final,1025727.2,9133561.6,10849463.0,11.23,851897.14,10256815.0,1516387.0,8.31,507973.48,9826149.8,114018.0,5.17,1320.15,16418.07,3.0,8.04,2386918.0,29232944.0,12479871.0,8.17
4888,2017,10.0,TX,Final,1363944.1,12300938.0,10902252.0,11.09,1001577.2,12306559.0,1523194.0,8.14,547484.42,10289696.0,114605.0,5.32,1307.01,16483.1,3.0,7.93,2914312.7,34913676.0,12540054.0,8.35
4939,2017,9.0,TX,Final,1599124.8,14378611.0,10821001.0,11.12,1043712.1,12784460.0,1511813.0,8.16,542281.41,9982187.6,115475.0,5.43,1281.35,16066.09,3.0,7.98,3186399.6,37161324.0,12448292.0,8.57
4990,2017,8.0,TX,Final,1882305.4,17184478.0,10882647.0,10.95,1115591.4,13652802.0,1521867.0,8.17,578328.98,10722965.0,118211.0,5.39,1345.54,16978.1,3.0,7.93,3577571.3,41577224.0,12522728.0,8.6
5041,2017,7.0,TX,Final,1836262.8,16887299.0,10804116.0,10.87,1093761.9,13274866.0,1516979.0,8.24,587487.8,10635654.0,118269.0,5.52,1269.0,15556.1,3.0,8.16,3518781.5,40813375.0,12439367.0,8.62
5092,2017,6.0,TX,Final,1556300.7,14106725.0,10845046.0,11.03,1056190.0,12616140.0,1518149.0,8.37,573289.83,10556941.0,117343.0,5.43,1232.43,15197.1,3.0,8.11,3187012.9,37295003.0,12480541.0,8.55
5143,2017,5.0,TX,Final,1182299.8,10703466.0,10855798.0,11.05,963214.88,11650847.0,1519922.0,8.27,558103.04,10092868.0,116869.0,5.53,1189.97,14479.08,3.0,8.22,2704807.7,32461661.0,12492592.0,8.33
5194,2017,4.0,TX,Final,999461.51,9013567.2,10717328.0,11.09,829291.45,9994738.0,1499611.0,8.3,501316.15,9224025.5,113688.0,5.43,1185.97,14464.09,3.0,8.2,2331255.1,28246795.0,12330630.0,8.25
5245,2017,3.0,TX,Final,996982.2,8964729.1,10795636.0,11.12,864275.1,10391052.0,1518211.0,8.32,516345.89,9842905.7,113012.0,5.25,1125.98,13277.06,3.0,8.48,2378729.2,29211964.0,12426862.0,8.14
5296,2017,2.0,TX,Final,1004717.0,9005668.3,10671415.0,11.16,801890.19,9455409.4,1501929.0,8.48,470660.88,8882595.4,111829.0,5.3,1189.12,14132.07,3.0,8.41,2278457.2,27357805.0,12285176.0,8.33
5347,2017,1.0,TX,Final,1282765.7,11943948.0,10736711.0,10.74,885370.71,10636209.0,1521382.0,8.32,521666.95,9764670.6,111243.0,5.34,1204.97,14567.08,3.0,8.27,2691008.4,32359395.0,12369339.0,8.32
5398,2016,12.0,TX,Final,1143434.9,10539081.0,10567938.0,10.85,873211.16,10637841.0,1446080.0,8.21,500382.67,9421674.8,102795.0,5.31,1193.99,14498.0,3.0,8.24,2518222.7,30613095.0,12116816.0,8.23
5449,2016,11.0,TX,Final,1021554.4,9207046.6,10528626.0,11.1,884269.1,10743908.0,1446400.0,8.23,488635.68,9087031.7,103153.0,5.38,1356.07,16842.0,3.0,8.05,2395815.2,29054828.0,12078182.0,8.25
5500,2016,10.0,TX,Final,1338269.3,12149443.0,10593131.0,11.02,1013097.1,12140124.0,1454894.0,8.35,529523.98,9917373.8,103273.0,5.34,1279.65,16309.0,3.0,7.85,2882170.0,34223250.0,12151301.0,8.42
5551,2016,9.0,TX,Final,1712855.4,15412977.0,10556814.0,11.11,1103290.0,13398848.0,1452614.0,8.23,538024.01,9739354.8,104592.0,5.52,1255.53,16406.0,2.0,7.65,3355424.9,38567586.0,12114022.0,8.7
5602,2016,8.0,TX,Final,1931338.1,17705208.0,10578202.0,10.91,1164029.7,14327566.0,1454155.0,8.12,549645.64,10090050.0,106305.0,5.45,1318.49,17269.0,3.0,7.64,3646332.0,42140094.0,12138665.0,8.65
5653,2016,7.0,TX,Final,1907836.1,17614425.0,10491047.0,10.83,1092646.4,13438671.0,1443019.0,8.13,542400.61,9909671.0,107325.0,5.47,1196.87,15470.0,2.0,7.74,3544080.0,40978236.0,12041393.0,8.65
5704,2016,6.0,TX,Final,1499841.3,13698760.0,10529597.0,10.95,1035535.2,12479538.0,1450167.0,8.3,514938.81,9543289.5,107920.0,5.4,1151.7,14777.0,3.0,7.79,3051467.1,35736365.0,12087687.0,8.54
5755,2016,5.0,TX,Final,1105540.2,9964081.1,10520385.0,11.1,904594.43,10956524.0,1444900.0,8.26,483394.25,9270078.9,108243.0,5.21,1134.99,14189.0,3.0,8.0,2494663.8,30204873.0,12073531.0,8.26
5806,2016,4.0,TX,Final,955167.95,8486355.6,10491523.0,11.26,840700.73,10222568.0,1445430.0,8.22,466639.83,9116787.0,104120.0,5.12,1139.25,14139.0,3.0,8.06,2263647.8,27839850.0,12041076.0,8.13
5857,2016,3.0,TX,Final,978244.46,8743346.7,10500894.0,11.19,853632.82,10191057.0,1444498.0,8.38,477605.74,9139628.1,104216.0,5.23,1098.99,13545.0,3.0,8.11,2310582.0,28087577.0,12049611.0,8.23
5908,2016,2.0,TX,Final,1138747.7,10363055.0,10487116.0,10.99,835150.7,9947190.4,1448218.0,8.4,455813.04,8750485.3,104771.0,5.21,1129.99,14063.0,3.0,8.04,2430841.5,29074793.0,12040108.0,8.36
5959,2016,1.0,TX,Final,1315488.7,12089402.0,10415500.0,10.88,883608.1,10620439.0,1436454.0,8.32,494595.86,9417287.7,109983.0,5.25,1129.49,14134.0,3.0,7.99,2694822.1,32141262.0,11961940.0,8.38
6010,2015,12.0,TX,Final,1126580.9,10065340.0,10369964.0,11.19,795591.0,10084768.0,1433646.0,7.89,478455.99,9049900.2,108176.0,5.29,758.38,14001.0,3.0,5.42,2401386.3,29214009.0,11911789.0,8.22
6061,2015,11.0,TX,Final,955271.07,8391003.1,10303085.0,11.38,795773.83,10009089.0,1421366.0,7.95,460439.09,8809431.3,108503.0,5.23,866.97,15963.0,3.0,5.43,2212351.0,27225486.0,11832957.0,8.13
6112,2015,10.0,TX,Final,1324545.0,11673440.0,10387765.0,11.35,957816.15,12098295.0,1435735.0,7.92,520831.39,9791553.7,109618.0,5.32,873.96,16577.0,3.0,5.27,2804066.5,33579866.0,11933121.0,8.35
6163,2015,9.0,TX,Final,1729972.7,15031761.0,10351037.0,11.51,1038316.9,12797169.0,1434288.0,8.11,539500.28,9747825.8,108020.0,5.53,849.96,16165.0,3.0,5.26,3308639.8,37592920.0,11893348.0,8.8
6214,2015,8.0,TX,Final,1988601.4,17396111.0,10369597.0,11.43,1097237.8,13519971.0,1435671.0,8.12,568343.45,9789559.4,108766.0,5.81,871.95,16448.0,3.0,5.3,3655054.6,40722089.0,11914037.0,8.98
6265,2015,7.0,TX,Final,1920725.4,16701294.0,10343501.0,11.5,1075270.6,13316794.0,1435907.0,8.07,579052.27,10140124.0,108834.0,5.71,835.93,15683.0,3.0,5.33,3575884.3,40173894.0,11888245.0,8.9
6316,2015,6.0,TX,Final,1530591.2,12990159.0,10347811.0,11.78,997484.64,12081412.0,1423118.0,8.26,539658.11,9635010.4,107616.0,5.6,787.95,14747.0,3.0,5.34,3068521.9,34721328.0,11878548.0,8.84
6367,2015,5.0,TX,Final,1146288.4,9523397.5,10288519.0,12.04,868980.21,10588546.0,1411987.0,8.21,507118.35,9122377.7,105413.0,5.56,742.97,13915.0,3.0,5.34,2523129.9,29248236.0,11805922.0,8.63
6418,2015,4.0,TX,Final,1031854.0,8528280.9,10302930.0,12.1,840645.7,10540044.0,1417183.0,7.98,491408.65,8870685.2,104227.0,5.54,745.95,13966.0,3.0,5.34,2364654.3,27952976.0,11824343.0,8.46
6469,2015,3.0,TX,Final,1286079.4,11122515.0,10292791.0,11.56,895831.99,10548752.0,1421352.0,8.49,502203.27,8667546.2,102666.0,5.79,725.96,13569.0,3.0,5.35,2684840.7,30352382.0,11816812.0,8.85
6520,2015,2.0,TX,Final,1276483.8,10984753.0,10222635.0,11.62,842244.33,9903836.3,1414177.0,8.5,471330.29,8076963.6,101493.0,5.84,791.07,14819.0,3.0,5.34,2590849.5,28980372.0,11738308.0,8.94
6571,2015,1.0,TX,Final,1521441.1,13243860.0,10236358.0,11.49,910066.98,10834887.0,1424841.0,8.4,502678.96,8481287.8,97914.0,5.93,733.96,13761.0,3.0,5.33,2934921.0,32573796.0,11759116.0,9.01
6622,2014,12.0,TX,Final,1204663.6,10200425.0,10215771.0,11.81,855428.55,10653380.0,1446091.0,8.03,544621.31,8715709.8,104665.0,6.25,694.1,12881.24,3.0,5.39,2605407.5,29582396.0,11766530.0,8.81
6673,2014,11.0,TX,Final,1056192.5,8813129.0,10099159.0,11.98,841562.13,10168187.0,1424779.0,8.28,530636.01,8779526.8,104135.0,6.04,834.82,15551.02,3.0,5.37,2429225.5,27776394.0,11628076.0,8.75
6724,2014,10.0,TX,Final,1325726.1,10981723.0,10216731.0,12.07,1008145.5,12361473.0,1446429.0,8.16,578581.02,9204618.4,105348.0,6.29,770.7,15912.88,3.0,4.84,2913223.3,32563728.0,11768511.0,8.95
6775,2014,9.0,TX,Final,1762430.5,14647866.0,10200643.0,12.03,1106720.1,13771502.0,1443103.0,8.04,583717.93,9288558.7,105581.0,6.28,814.87,15775.79,3.0,5.17,3453683.4,37723702.0,11749330.0,9.16
6826,2014,8.0,TX,Final,1876930.8,15573035.0,10183263.0,12.05,1100371.2,13491431.0,1441404.0,8.16,617690.1,9683332.0,107082.0,6.38,788.96,15281.38,3.0,5.16,3595781.1,38763079.0,11731752.0,9.28
6877,2014,7.0,TX,Final,1817437.7,15087208.0,10163359.0,12.05,1093809.3,13270061.0,1443105.0,8.24,616639.08,9444451.0,106977.0,6.53,727.06,14050.81,3.0,5.17,3528613.1,37815771.0,11713444.0,9.33
6928,2014,6.0,TX,Final,1564816.2,12861137.0,10077384.0,12.17,1038979.2,12571521.0,1414573.0,8.26,586896.48,9260108.2,95801.0,6.34,742.98,14480.63,3.0,5.13,3191434.8,34707247.0,11587761.0,9.2
6979,2014,5.0,TX,Final,1114803.5,9345756.3,10102754.0,11.93,921256.59,11272891.0,1433415.0,8.17,554786.57,9676773.9,103157.0,5.73,707.54,13698.38,3.0,5.17,2591554.2,30309120.0,11639329.0,8.55
7030,2014,4.0,TX,Final,988965.41,8199586.4,10094064.0,12.06,835615.3,10173132.0,1428455.0,8.21,554574.43,9461318.7,97393.0,5.86,668.48,12897.18,3.0,5.18,2379823.6,27846934.0,11619915.0,8.55
7081,2014,3.0,TX,Final,1152806.2,9811567.8,10134020.0,11.75,851817.94,10200148.0,1431339.0,8.35,545874.61,8983048.3,96541.0,6.08,659.21,12779.86,3.0,5.16,2551158.0,29007544.0,11661903.0,8.79
7132,2014,2.0,TX,Final,1327503.6,11797374.0,10082939.0,11.25,826625.87,10282524.0,1412814.0,8.04,507540.58,7987546.4,96201.0,6.35,775.04,15056.07,2.0,5.15,2662445.1,30082500.0,11591956.0,8.85
7183,2014,1.0,TX,Final,1523541.2,13580936.0,10096367.0,11.22,899515.32,11215845.0,1424044.0,8.02,505866.59,8680502.8,96733.0,5.83,725.25,14120.76,3.0,5.14,2929648.4,33491405.0,11617147.0,8.75
7234,2013,12.0,TX,Final,1341812.0,11901122.0,9987357.0,11.27,858702.77,10736864.0,1411829.0,8.0,479031.82,8269473.7,95097.0,5.79,31.14,585.77,3.0,5.32,2679577.7,30908046.0,11494286.0,8.67
7285,2013,11.0,TX,Final,990849.84,8493286.8,9933251.0,11.67,811350.84,10267968.0,1382313.0,7.9,468827.12,8311841.3,95914.0,5.64,82.49,1074.81,3.0,7.68,2271110.3,27074170.0,11411481.0,8.39
7336,2013,10.0,TX,Final,1276585.2,10925087.0,10030619.0,11.68,970305.05,12133629.0,1394572.0,8.0,510427.85,8890335.6,96305.0,5.74,686.17,6992.65,3.0,9.81,2758004.2,31956045.0,11521499.0,8.63
7387,2013,9.0,TX,Final,1681346.8,14795355.0,9991128.0,11.36,1035144.8,13206869.0,1366313.0,7.84,541360.63,8978142.5,98058.0,6.03,705.27,7143.84,3.0,9.87,3258557.5,36987510.0,11455502.0,8.81
7438,2013,8.0,TX,Final,1883662.7,16446018.0,10029833.0,11.45,1090870.8,13664829.0,1370434.0,7.98,565583.36,9210129.7,99185.0,6.14,700.38,7050.89,3.0,9.93,3540817.2,39328028.0,11499455.0,9.0
7489,2013,7.0,TX,Final,1788048.1,15670163.0,9993521.0,11.41,1087614.3,13491837.0,1362338.0,8.06,535689.37,8720983.8,99025.0,6.14,602.39,5741.19,3.0,10.49,3411954.2,37888726.0,11454887.0,9.01
7540,2013,6.0,TX,Final,1549161.4,13539863.0,9931425.0,11.44,998606.69,12347670.0,1361247.0,8.09,529112.37,8741453.9,98020.0,6.05,609.55,5809.47,3.0,10.49,3077490.0,34634796.0,11390695.0,8.89
7591,2013,5.0,TX,Final,1109801.1,9588199.6,9958681.0,11.57,899120.77,10975231.0,1358069.0,8.19,504563.97,8697983.1,96547.0,5.8,565.96,5382.55,3.0,10.51,2514051.9,29266797.0,11413300.0,8.59
7642,2013,4.0,TX,Final,979757.34,8572437.1,9948659.0,11.43,818067.09,10150988.0,1355232.0,8.06,477141.76,8441659.9,94842.0,5.65,596.9,5686.99,3.0,10.5,2275563.1,27170772.0,11398736.0,8.38
7693,2013,3.0,TX,Final,1000992.7,9077840.7,9886760.0,11.03,782498.92,9701540.2,1346084.0,8.07,442437.73,8011791.0,92767.0,5.52,496.88,4712.87,3.0,10.54,2226426.3,26795885.0,11325614.0,8.31
7744,2013,2.0,TX,Final,1015177.1,9185497.9,9851200.0,11.05,763381.0,9505312.0,1344641.0,8.03,420743.04,7532186.2,92997.0,5.59,557.0,5299.82,3.0,10.51,2199858.1,26228296.0,11288841.0,8.39
7795,2013,1.0,TX,Final,1308941.9,12077737.0,9909050.0,10.84,829200.74,10333299.0,1348748.0,8.02,445213.59,8161862.5,91770.0,5.45,556.07,5286.15,3.0,10.52,2583912.3,30578184.0,11349571.0,8.45
7846,2012,12.0,TX,Final,1052995.0,9581718.0,9843432.0,10.99,793218.0,9947344.0,1354843.0,7.97,412146.0,7432945.0,92684.0,5.54,547.0,5189.0,1.0,10.54,2258906.0,26967196.0,11290960.0,8.38
7897,2012,11.0,TX,Final,946836.0,8519968.0,9825610.0,11.11,819600.0,10293160.0,1350942.0,7.96,415275.0,7565394.0,92718.0,5.49,662.0,6302.0,1.0,10.5,2182372.0,26384824.0,11269271.0,8.27
7948,2012,10.0,TX,Final,1139951.0,10215875.0,9870427.0,11.16,921150.0,11434026.0,1360947.0,8.06,443554.0,8049572.0,93122.0,5.51,604.0,5745.0,1.0,10.51,2505260.0,29705218.0,11324497.0,8.43
7999,2012,9.0,TX,Final,1557017.0,14009275.0,9790348.0,11.11,1023158.0,12571737.0,1357575.0,8.14,458154.0,8018803.0,93814.0,5.71,660.0,6279.0,1.0,10.51,3038989.0,34606094.0,11241738.0,8.78
8050,2012,8.0,TX,Final,1855231.0,16932276.0,9890825.0,10.96,1111677.0,13644552.0,1354598.0,8.15,510045.0,8643338.0,86746.0,5.9,662.0,6288.0,1.0,10.53,3477615.0,39226454.0,11332170.0,8.87
8101,2012,7.0,TX,Final,1744311.0,16050086.0,9867734.0,10.87,1060556.0,13131072.0,1350101.0,8.08,488242.0,8320952.0,97870.0,5.87,663.0,6281.0,1.0,10.56,3293773.0,37508391.0,11315706.0,8.78
8152,2012,6.0,TX,Final,1534422.0,13993383.0,9838845.0,10.97,982432.0,12050558.0,1345787.0,8.15,450467.0,8037946.0,95578.0,5.6,666.0,6308.0,1.0,10.56,2967988.0,34088196.0,11280211.0,8.71
8203,2012,5.0,TX,Final,1173801.0,10826491.0,9817846.0,10.84,902464.0,11161925.0,1366799.0,8.09,432878.0,8060820.0,95109.0,5.37,585.0,5493.0,1.0,10.65,2509728.0,30054728.0,11279755.0,8.35
8254,2012,4.0,TX,Final,955428.0,8666929.0,9767384.0,11.02,816548.0,9982141.0,1357412.0,8.18,402121.0,7684047.0,93737.0,5.23,617.0,5807.0,1.0,10.63,2174713.0,26338924.0,11218534.0,8.26
8305,2012,3.0,TX,Final,944775.0,8584699.0,9744217.0,11.01,802992.0,9706687.0,1355978.0,8.27,425306.0,7868186.0,91820.0,5.41,553.0,5192.0,1.0,10.65,2173627.0,26164763.0,11192016.0,8.31
8356,2012,2.0,TX,Final,1012580.0,9164531.0,9689796.0,11.05,794976.0,9340342.0,1353103.0,8.51,402685.0,7218483.0,81909.0,5.58,589.0,5531.0,9.0,10.65,2210830.0,25728887.0,11124817.0,8.59
8407,2012,1.0,TX,Final,1170362.0,10866402.0,9678756.0,10.77,828072.0,9841451.0,1353704.0,8.41,424966.0,7616837.0,93395.0,5.58,586.0,5766.0,9.0,10.16,2423987.0,28330456.0,11125864.0,8.56
8458,2011,12.0,TX,Final,1116001.0,10249018.0,9660630.0,10.89,806712.0,9506503.0,1366869.0,8.49,463323.0,7965841.0,95177.0,5.82,540.0,5299.0,2.0,10.19,2386576.0,27726661.0,11122678.0,8.61
8509,2011,11.0,TX,Final,906881.0,8100960.0,9635137.0,11.19,796123.0,9231488.0,1356985.0,8.62,485313.0,8164932.0,96706.0,5.94,664.0,6559.0,2.0,10.12,2188982.0,25503940.0,11088830.0,8.58
8560,2011,10.0,TX,Final,1156201.0,10291559.0,9673150.0,11.23,930046.0,10812291.0,1352616.0,8.6,515089.0,8645057.0,97930.0,5.96,603.0,5940.0,2.0,10.15,2601939.0,29754848.0,11123698.0,8.74
8611,2011,9.0,TX,Final,1684897.0,15104071.0,9683774.0,11.16,1139383.0,12619255.0,1375226.0,9.03,593372.0,8870960.0,99952.0,6.69,648.0,6403.0,2.0,10.12,3418300.0,36600689.0,11158954.0,9.34
8662,2011,8.0,TX,Final,2075532.0,18620657.0,9709848.0,11.15,1247485.0,13643813.0,1380195.0,9.14,683232.0,9396647.0,101604.0,7.27,614.0,6052.0,2.0,10.15,4006863.0,41667168.0,11191649.0,9.62
8713,2011,7.0,TX,Final,1929483.0,17285918.0,9632533.0,11.16,1098562.0,12431799.0,1366981.0,8.84,570192.0,8816931.0,101395.0,6.47,590.0,5815.0,2.0,10.15,3598827.0,38540463.0,11100911.0,9.34
8764,2011,6.0,TX,Final,1667165.0,14819563.0,9643741.0,11.25,1071105.0,11965151.0,1372302.0,8.95,575687.0,8939921.0,101583.0,6.44,562.0,5533.0,2.0,10.16,3314519.0,35730168.0,11117628.0,9.28
8815,2011,5.0,TX,Final,1151555.0,10221169.0,9611858.0,11.27,905289.0,10293115.0,1361201.0,8.8,519007.0,8654487.0,100856.0,6.0,515.0,5135.0,2.0,10.03,2576366.0,29173907.0,11073917.0,8.83
8866,2011,4.0,TX,Final,968083.0,8670985.0,9565314.0,11.16,842979.0,9707567.0,1358685.0,8.68,503371.0,8579332.0,99641.0,5.87,536.0,5361.0,2.0,10.0,2314969.0,26963245.0,11023642.0,8.59
8917,2011,3.0,TX,Final,959171.0,8617852.0,9587214.0,11.13,852552.0,9555390.0,1364018.0,8.92,504085.0,8287010.0,98874.0,6.08,475.0,4741.0,2.0,10.02,2316283.0,26464992.0,11050108.0,8.75
8968,2011,2.0,TX,Final,1233676.0,11584010.0,9517330.0,10.65,795508.0,8904180.0,1351236.0,8.93,469503.0,7451484.0,96861.0,6.3,596.0,5995.0,2.0,9.94,2499283.0,27945669.0,10965429.0,8.94
9019,2011,1.0,TX,Final,1293338.0,12088465.0,9537226.0,10.7,829650.0,9543138.0,1357187.0,8.69,485869.0,8356268.0,97795.0,5.81,546.0,5495.0,2.0,9.94,2609404.0,29993367.0,10992210.0,8.7
9070,2010,12.0,TX,Final,1115511.0,9920101.0,9538951.0,11.24,790801.0,8865581.0,1443083.0,8.92,496899.0,7864818.0,127840.0,6.32,555.0,5635.0,3.0,9.85,2403766.0,26656135.0,11109877.0,9.02
9121,2010,11.0,TX,Final,863223.0,7623617.0,9578689.0,11.32,781618.0,8930212.0,1453486.0,8.75,496188.0,8178689.0,126267.0,6.07,668.0,6809.0,3.0,9.81,2141698.0,24739327.0,11158445.0,8.66
9172,2010,10.0,TX,Final,1128507.0,9710773.0,9600717.0,11.62,937106.0,10338765.0,1456125.0,9.06,544771.0,8478743.0,127720.0,6.43,626.0,6368.0,3.0,9.83,2611010.0,28534649.0,11184565.0,9.15
9223,2010,9.0,TX,Final,1613656.0,13939145.0,9593771.0,11.58,1066057.0,11689057.0,1460035.0,9.12,558356.0,9020325.0,128903.0,6.19,671.0,6828.0,3.0,9.83,3238739.0,34655355.0,11182712.0,9.35
9274,2010,8.0,TX,Final,1937455.0,16560190.0,9601026.0,11.7,1150678.0,12576293.0,1462432.0,9.15,640070.0,9588951.0,129976.0,6.68,653.0,6642.0,3.0,9.83,3728856.0,38732076.0,11193437.0,9.63
9325,2010,7.0,TX,Final,1790215.0,15285607.0,9613587.0,11.71,1077497.0,11910085.0,1476856.0,9.05,600642.0,9185316.0,132934.0,6.54,639.0,6481.0,3.0,9.86,3468993.0,36387489.0,11223380.0,9.53
9376,2010,6.0,TX,Final,1611445.0,13596012.0,9560217.0,11.85,1031843.0,11208953.0,1467166.0,9.21,566482.0,8742282.0,131443.0,6.48,602.0,5996.0,3.0,10.04,3210372.0,33553242.0,11158829.0,9.57
9427,2010,5.0,TX,Final,1115313.0,9338767.0,9498989.0,11.94,887693.0,9598774.0,1452332.0,9.25,529487.0,8279605.0,127017.0,6.4,586.0,5815.0,3.0,10.08,2533080.0,27222961.0,11078341.0,9.3
9478,2010,4.0,TX,Final,939081.0,7745987.0,9495461.0,12.12,849268.0,9025931.0,1457781.0,9.41,503399.0,7763731.0,126661.0,6.48,589.0,6111.0,3.0,9.64,2292337.0,24541760.0,11079906.0,9.34
9529,2010,3.0,TX,Final,1099768.0,9557712.0,9491323.0,11.51,879323.0,9166117.0,1463638.0,9.59,521938.0,7951458.0,124858.0,6.56,592.0,6189.0,3.0,9.57,2501621.0,26681477.0,11079822.0,9.38
9580,2010,2.0,TX,Final,1208908.0,10656540.0,9442046.0,11.34,829689.0,8715714.0,1455194.0,9.52,476927.0,7139925.0,123697.0,6.68,531.0,5512.0,3.0,9.63,2516055.0,26517691.0,11020940.0,9.49
9631,2010,1.0,TX,Final,1482796.0,13226950.0,9426432.0,11.21,881782.0,9441809.0,1467775.0,9.34,484879.0,7560571.0,123914.0,6.41,599.0,6058.0,3.0,9.89,2850056.0,30235389.0,11018124.0,9.43
